canonical_symbol,binance_symbol,delta_symbol,listed_on_binance,listed_on_delta
0G,0GUSDT,,True,False
1000000BOB,1000000BOBUSDT,,True,False
1000000MOG,1000000MOGUSDT,,True,False
1000BONK,1000BONKUSDT,,True,False
1000CAT,1000CATUSDT,,True,False
1000CHEEMS,1000CHEEMSUSDT,,True,False
1000FLOKI,1000FLOKIUSDT,,True,False
1000LUNC,1000LUNCUSDT,,True,False
1000PEPE,1000PEPEUSDT,,True,False
1000RATS,1000RATSUSDT,,True,False
1000SATS,1000SATSUSDT,,True,False
1000SHIB,1000SHIBUSDT,1000SHIBUSD,True,True
1000XEC,1000XECUSDT,,True,False
1INCH,1INCHUSDT,,True,False
1MBABYDOGE,1MBABYDOGEUSDT,,True,False
2Z,2ZUSDT,,True,False
4,4USDT,,True,False
A,AUSDT,,True,False
AAVE,AAVEUSDT,,True,False
ACE,ACEUSDT,,True,False
ACH,ACHUSDT,,True,False
ACT,ACTUSDT,,True,False
ACU,ACUUSDT,,True,False
ACX,ACXUSDT,,True,False
ADA,ADAUSDT,ADAUSD,True,True
AERGO,AERGOUSDT,,True,False
AERO,AEROUSDT,,True,False
AEVO,AEVOUSDT,,True,False
AGLD,AGLDUSDT,,True,False
AGT,AGTUSDT,,True,False
AIA,AIAUSDT,,True,False
AIGENSYN,AIGENSYNUSDT,,True,False
AIN,AINUSDT,,True,False
AIO,AIOUSDT,,True,False
AIOT,AIOTUSDT,,True,False
AIXBT,AIXBTUSDT,,True,False
AKE,AKEUSDT,,True,False
AKT,AKTUSDT,,True,False
ALCH,ALCHUSDT,,True,False
ALGO,ALGOUSDT,,True,False
ALICE,ALICEUSDT,,True,False
ALL,ALLUSDT,,True,False
ALLO,ALLOUSDT,,True,False
ALPINE,ALPINEUSDT,,True,False
ALT,ALTUSDT,,True,False
ANIME,ANIMEUSDT,,True,False
ANKR,ANKRUSDT,,True,False
APE,APEUSDT,,True,False
API3,API3USDT,,True,False
APR,APRUSDT,,True,False
APT,APTUSDT,,True,False
AR,ARUSDT,,True,False
ARB,ARBUSDT,,True,False
ARC,ARCUSDT,,True,False
ARIA,ARIAUSDT,,True,False
ARK,ARKUSDT,,True,False
ARKM,ARKMUSDT,,True,False
ARPA,ARPAUSDT,,True,False
ASR,ASRUSDT,,True,False
ASTER,ASTERUSDT,,True,False
ASTR,ASTRUSDT,,True,False
AT,ATUSDT,,True,False
ATA,ATAUSDT,,True,False
ATH,ATHUSDT,,True,False
ATOM,ATOMUSDT,,True,False
AUCTION,AUCTIONUSDT,,True,False
AVA,AVAUSDT,,True,False
AVAAI,AVAAIUSDT,,True,False
AVAX,AVAXUSDT,,True,False
AVNT,AVNTUSDT,,True,False
AWE,AWEUSDT,,True,False
AXL,AXLUSDT,,True,False
AXS,AXSUSDT,,True,False
AZTEC,AZTECUSDT,,True,False
B,BUSDT,,True,False
B2,B2USDT,,True,False
BABY,BABYUSDT,,True,False
BAN,BANUSDT,,True,False
BANANA,BANANAUSDT,,True,False
BANANAS31,BANANAS31USDT,,True,False
BAND,BANDUSDT,,True,False
BANK,BANKUSDT,,True,False
BARD,BARDUSDT,,True,False
BAS,BASUSDT,,True,False
BASED,BASEDUSDT,,True,False
BAT,BATUSDT,,True,False
BB,BBUSDT,,True,False
BCH,BCHUSDT,,True,False
BEAMX,BEAMXUSDT,,True,False
BEAT,BEATUSDT,,True,False
BEL,BELUSDT,,True,False
BERA,BERAUSDT,,True,False
BICO,BICOUSDT,,True,False
BIGTIME,BIGTIMEUSDT,,True,False
BIO,BIOUSDT,,True,False
BIRB,BIRBUSDT,,True,False
BLESS,BLESSUSDT,,True,False
BLUAI,BLUAIUSDT,,True,False
BLUR,BLURUSDT,,True,False
BMT,BMTUSDT,,True,False
BNB,BNBUSDT,BNBUSD,True,False
BNT,BNTUSDT,,True,False
BOME,BOMEUSDT,,True,False
BR,BRUSDT,,True,False
BRETT,BRETTUSDT,,True,False
BREV,BREVUSDT,,True,False
BROCCOLI714,BROCCOLI714USDT,,True,False
BROCCOLIF3B,BROCCOLIF3BUSDT,,True,False
BSB,BSBUSDT,,True,False
BSV,BSVUSDT,,True,False
BTC,BTCUSDT,BTCUSD,True,True
BTCDOM,BTCDOMUSDT,,True,False
BTR,BTRUSDT,,True,False
BULLA,BULLAUSDT,,True,False
C,CUSDT,,True,False
C98,C98USDT,,True,False
CAKE,CAKEUSDT,,True,False
CARV,CARVUSDT,,True,False
CATI,CATIUSDT,,True,False
CC,CCUSDT,,True,False
CELO,CELOUSDT,,True,False
CELR,CELRUSDT,,True,False
CETUS,CETUSUSDT,,True,False
CFG,CFGUSDT,,True,False
CFX,CFXUSDT,,True,False
CGPT,CGPTUSDT,,True,False
CHILLGUY,CHILLGUYUSDT,,True,False
CHIP,CHIPUSDT,,True,False
CHR,CHRUSDT,,True,False
CHZ,CHZUSDT,,True,False
CKB,CKBUSDT,,True,False
CLANKER,CLANKERUSDT,,True,False
CLO,CLOUSDT,,True,False
COAI,COAIUSDT,,True,False
COLLECT,COLLECTUSDT,,True,False
COMP,COMPUSDT,,True,False
COOKIE,COOKIEUSDT,,True,False
COS,COSUSDT,,True,False
COTI,COTIUSDT,,True,False
COW,COWUSDT,,True,False
CROSS,CROSSUSDT,,True,False
CRV,CRVUSDT,,True,False
CTK,CTKUSDT,,True,False
CTSI,CTSIUSDT,,True,False
CVC,CVCUSDT,,True,False
CVX,CVXUSDT,,True,False
CYBER,CYBERUSDT,,True,False
CYS,CYSUSDT,,True,False
D,DUSDT,,True,False
DASH,DASHUSDT,,True,False
DEEP,DEEPUSDT,,True,False
DEXE,DEXEUSDT,,True,False
DIA,DIAUSDT,,True,False
DODOX,DODOXUSDT,,True,False
DOGE,DOGEUSDT,DOGEUSD,True,True
DOGS,DOGSUSDT,,True,False
DOLO,DOLOUSDT,,True,False
DOOD,DOODUSDT,,True,False
DOT,DOTUSDT,,True,False
DRIFT,DRIFTUSDT,,True,False
DUSK,DUSKUSDT,,True,False
DYDX,DYDXUSDT,,True,False
DYM,DYMUSDT,,True,False
EDEN,EDENUSDT,,True,False
EDGE,EDGEUSDT,,True,False
EDU,EDUUSDT,,True,False
EGLD,EGLDUSDT,,True,False
EIGEN,EIGENUSDT,,True,False
ELSA,ELSAUSDT,,True,False
ENA,ENAUSDT,,True,False
ENJ,ENJUSDT,,True,False
ENS,ENSUSDT,,True,False
ENSO,ENSOUSDT,,True,False
EPIC,EPICUSDT,,True,False
ERA,ERAUSDT,,True,False
ESP,ESPUSDT,,True,False
ESPORTS,ESPORTSUSDT,,True,False
ETC,ETCUSDT,,True,False
ETH,ETHUSDT,ETHUSD,True,True
ETHFI,ETHFIUSDT,,True,False
ETHW,ETHWUSDT,,True,False
EUL,EULUSDT,,True,False
EVAA,EVAAUSDT,,True,False
F,FUSDT,,True,False
FARTCOIN,FARTCOINUSDT,,True,False
FET,FETUSDT,,True,False
FF,FFUSDT,,True,False
FHE,FHEUSDT,,True,False
FIDA,FIDAUSDT,,True,False
FIGHT,FIGHTUSDT,,True,False
FIL,FILUSDT,,True,False
FLOCK,FLOCKUSDT,,True,False
FLOW,FLOWUSDT,,True,False
FLUID,FLUIDUSDT,,True,False
FLUX,FLUXUSDT,,True,False
FOGO,FOGOUSDT,,True,False
FOLKS,FOLKSUSDT,,True,False
FORM,FORMUSDT,,True,False
FRAX,FRAXUSDT,,True,False
G,GUSDT,,True,False
GALA,GALAUSDT,,True,False
GAS,GASUSDT,,True,False
GENIUS,GENIUSUSDT,,True,False
GIGGLE,GIGGLEUSDT,,True,False
GLM,GLMUSDT,,True,False
GMT,GMTUSDT,,True,False
GMX,GMXUSDT,,True,False
GOAT,GOATUSDT,,True,False
GPS,GPSUSDT,,True,False
GRASS,GRASSUSDT,,True,False
GRIFFAIN,GRIFFAINUSDT,,True,False
GRT,GRTUSDT,,True,False
GTC,GTCUSDT,,True,False
GUA,GUAUSDT,,True,False
GUN,GUNUSDT,,True,False
GWEI,GWEIUSDT,,True,False
H,HUSDT,,True,False
HAEDAL,HAEDALUSDT,,True,False
HANA,HANAUSDT,,True,False
HBAR,HBARUSDT,,True,False
HEI,HEIUSDT,,True,False
HEMI,HEMIUSDT,,True,False
HFT,HFTUSDT,,True,False
HIGH,HIGHUSDT,,True,False
HIVE,HIVEUSDT,,True,False
HMSTR,HMSTRUSDT,,True,False
HOLO,HOLOUSDT,,True,False
HOME,HOMEUSDT,,True,False
HOT,HOTUSDT,,True,False
HUMA,HUMAUSDT,,True,False
HYPE,HYPEUSDT,,True,False
HYPER,HYPERUSDT,,True,False
ICNT,ICNTUSDT,,True,False
ICP,ICPUSDT,,True,False
ICX,ICXUSDT,,True,False
ID,IDUSDT,,True,False
IDOL,IDOLUSDT,,True,False
ILV,ILVUSDT,,True,False
IMX,IMXUSDT,,True,False
IN,INUSDT,,True,False
INIT,INITUSDT,,True,False
INJ,INJUSDT,,True,False
INX,INXUSDT,,True,False
IO,IOUSDT,,True,False
IOST,IOSTUSDT,,True,False
IOTA,IOTAUSDT,,True,False
IOTX,IOTXUSDT,,True,False
IP,IPUSDT,,True,False
IRYS,IRYSUSDT,,True,False
JASMY,JASMYUSDT,,True,False
JCT,JCTUSDT,,True,False
JELLYJELLY,JELLYJELLYUSDT,,True,False
JOE,JOEUSDT,,True,False
JST,JSTUSDT,,True,False
JTO,JTOUSDT,,True,False
JUP,JUPUSDT,,True,False
KAIA,KAIAUSDT,,True,False
KAITO,KAITOUSDT,,True,False
KAS,KASUSDT,,True,False
KAT,KATUSDT,,True,False
KAVA,KAVAUSDT,,True,False
KERNEL,KERNELUSDT,,True,False
KGEN,KGENUSDT,,True,False
KITE,KITEUSDT,,True,False
KMNO,KMNOUSDT,,True,False
KNC,KNCUSDT,,True,False
KOMA,KOMAUSDT,,True,False
KSM,KSMUSDT,,True,False
LA,LAUSDT,,True,False
LAB,LABUSDT,,True,False
LAYER,LAYERUSDT,,True,False
LDO,LDOUSDT,,True,False
LIGHT,LIGHTUSDT,,True,False
LINEA,LINEAUSDT,,True,False
LINK,LINKUSDT,,True,False
LISTA,LISTAUSDT,,True,False
LIT,LITUSDT,,True,False
LPT,LPTUSDT,,True,False
LQTY,LQTYUSDT,,True,False
LSK,LSKUSDT,,True,False
LTC,LTCUSDT,,True,False
LUMIA,LUMIAUSDT,,True,False
LUNA2,LUNA2USDT,,True,False
LYN,LYNUSDT,,True,False
M,MUSDT,,True,False
MAGIC,MAGICUSDT,,True,False
MAGMA,MAGMAUSDT,,True,False
MANA,MANAUSDT,,True,False
MANTA,MANTAUSDT,,True,False
MANTRA,MANTRAUSDT,,True,False
MASK,MASKUSDT,,True,False
MAV,MAVUSDT,,True,False
MAVIA,MAVIAUSDT,,True,False
MBOX,MBOXUSDT,,True,False
ME,MEUSDT,,True,False
MEGA,MEGAUSDT,,True,False
MELANIA,MELANIAUSDT,,True,False
MEME,MEMEUSDT,,True,False
MERL,MERLUSDT,,True,False
MET,METUSDT,,True,False
METIS,METISUSDT,,True,False
MEW,MEWUSDT,,True,False
MINA,MINAUSDT,,True,False
MIRA,MIRAUSDT,,True,False
MITO,MITOUSDT,,True,False
MLN,MLNUSDT,,True,False
MMT,MMTUSDT,,True,False
MOCA,MOCAUSDT,,True,False
MON,MONUSDT,,True,False
MOODENG,MOODENGUSDT,,True,False
MORPHO,MORPHOUSDT,,True,False
MOVE,MOVEUSDT,,True,False
MOVR,MOVRUSDT,,True,False
MTL,MTLUSDT,,True,False
MUBARAK,MUBARAKUSDT,,True,False
MYX,MYXUSDT,,True,False
NAORIS,NAORISUSDT,,True,False
NEAR,NEARUSDT,,True,False
NEIRO,NEIROUSDT,,True,False
NEO,NEOUSDT,,True,False
NEWT,NEWTUSDT,,True,False
NFP,NFPUSDT,,True,False
NIGHT,NIGHTUSDT,,True,False
NIL,NILUSDT,,True,False
NMR,NMRUSDT,,True,False
NOM,NOMUSDT,,True,False
NOT,NOTUSDT,,True,False
NVDAX,,NVDAXUSD,False,True
NXPC,NXPCUSDT,,True,False
OG,OGUSDT,,True,False
OGN,OGNUSDT,,True,False
ON,ONUSDT,,True,False
ONDO,ONDOUSDT,ONDOUSD,True,True
ONE,ONEUSDT,,True,False
ONG,ONGUSDT,,True,False
ONT,ONTUSDT,,True,False
OP,OPUSDT,,True,False
OPEN,OPENUSDT,,True,False
OPG,OPGUSDT,,True,False
OPN,OPNUSDT,,True,False
ORCA,ORCAUSDT,,True,False
ORDER,ORDERUSDT,,True,False
ORDI,ORDIUSDT,,True,False
PARTI,PARTIUSDT,,True,False
PAXG,PAXGUSDT,PAXGUSD,True,True
PENDLE,PENDLEUSDT,,True,False
PENGU,PENGUUSDT,,True,False
PEOPLE,PEOPLEUSDT,,True,False
PHA,PHAUSDT,,True,False
PHB,PHBUSDT,,True,False
PIEVERSE,PIEVERSEUSDT,,True,False
PIPPIN,PIPPINUSDT,,True,False
PIXEL,PIXELUSDT,,True,False
PLAY,PLAYUSDT,,True,False
PLUME,PLUMEUSDT,,True,False
PNUT,PNUTUSDT,,True,False
POL,POLUSDT,,True,False
POLYX,POLYXUSDT,,True,False
POPCAT,POPCATUSDT,,True,False
PORTAL,PORTALUSDT,,True,False
POWER,POWERUSDT,,True,False
POWR,POWRUSDT,,True,False
PRL,PRLUSDT,,True,False
PROM,PROMUSDT,,True,False
PROMPT,PROMPTUSDT,,True,False
PROVE,PROVEUSDT,,True,False
PTB,PTBUSDT,,True,False
PUMP,PUMPUSDT,,True,False
PUMPBTC,PUMPBTCUSDT,,True,False
PUNDIX,PUNDIXUSDT,,True,False
PYTH,PYTHUSDT,,True,False
Q,QUSDT,,True,False
QNT,QNTUSDT,,True,False
QTUM,QTUMUSDT,,True,False
RARE,RAREUSDT,,True,False
RAVE,RAVEUSDT,,True,False
RAYSOL,RAYSOLUSDT,,True,False
RECALL,RECALLUSDT,,True,False
RED,REDUSDT,,True,False
RENDER,RENDERUSDT,,True,False
RESOLV,RESOLVUSDT,,True,False
REZ,REZUSDT,,True,False
RIF,RIFUSDT,,True,False
RIVER,RIVERUSDT,,True,False
RLC,RLCUSDT,,True,False
ROBO,ROBOUSDT,,True,False
RONIN,RONINUSDT,,True,False
ROSE,ROSEUSDT,,True,False
RPL,RPLUSDT,,True,False
RSR,RSRUSDT,,True,False
RUNE,RUNEUSDT,,True,False
RVN,RVNUSDT,,True,False
S,SUSDT,,True,False
SAFE,SAFEUSDT,,True,False
SAGA,SAGAUSDT,,True,False
SAHARA,SAHARAUSDT,,True,False
SAND,SANDUSDT,,True,False
SANTOS,SANTOSUSDT,,True,False
SAPIEN,SAPIENUSDT,,True,False
SCR,SCRUSDT,,True,False
SCRT,SCRTUSDT,,True,False
SEI,SEIUSDT,,True,False
SENT,SENTUSDT,,True,False
SFP,SFPUSDT,,True,False
SHELL,SHELLUSDT,,True,False
SIGN,SIGNUSDT,,True,False
SIREN,SIRENUSDT,,True,False
SKL,SKLUSDT,,True,False
SKR,SKRUSDT,,True,False
SKY,SKYUSDT,,True,False
SKYAI,SKYAIUSDT,,True,False
SLP,SLPUSDT,,True,False
SNX,SNXUSDT,,True,False
SOL,SOLUSDT,SOLUSD,True,True
SOLV,SOLVUSDT,,True,False
SOMI,SOMIUSDT,,True,False
SONIC,SONICUSDT,,True,False
SOON,SOONUSDT,,True,False
SOPH,SOPHUSDT,,True,False
SPACE,SPACEUSDT,,True,False
SPELL,SPELLUSDT,,True,False
SPK,SPKUSDT,,True,False
SPORTFUN,SPORTFUNUSDT,,True,False
SPX,SPXUSDT,,True,False
SQD,SQDUSDT,,True,False
SSV,SSVUSDT,,True,False
STABLE,STABLEUSDT,,True,False
STBL,STBLUSDT,,True,False
STEEM,STEEMUSDT,,True,False
STG,STGUSDT,,True,False
STO,STOUSDT,,True,False
STORJ,STORJUSDT,,True,False
STRK,STRKUSDT,,True,False
STX,STXUSDT,,True,False
SUI,SUIUSDT,,True,False
SUN,SUNUSDT,,True,False
SUPER,SUPERUSDT,,True,False
SUSHI,SUSHIUSDT,,True,False
SWARMS,SWARMSUSDT,,True,False
SXT,SXTUSDT,,True,False
SYN,SYNUSDT,,True,False
SYRUP,SYRUPUSDT,,True,False
SYS,SYSUSDT,,True,False
T,TUSDT,,True,False
TA,TAUSDT,,True,False
TAC,TACUSDT,,True,False
TAG,TAGUSDT,,True,False
TAIKO,TAIKOUSDT,,True,False
TAKE,TAKEUSDT,,True,False
TAO,TAOUSDT,,True,False
THE,THEUSDT,,True,False
THETA,THETAUSDT,,True,False
TIA,TIAUSDT,,True,False
TLM,TLMUSDT,,True,False
TNSR,TNSRUSDT,,True,False
TON,TONUSDT,,True,False
TOSHI,TOSHIUSDT,,True,False
TOWNS,TOWNSUSDT,,True,False
TRADOOR,TRADOORUSDT,,True,False
TRB,TRBUSDT,,True,False
TREE,TREEUSDT,,True,False
TRIA,TRIAUSDT,,True,False
TRUMP,TRUMPUSDT,,True,False
TRUST,TRUSTUSDT,,True,False
TRUTH,TRUTHUSDT,,True,False
TRX,TRXUSDT,,True,False
TST,TSTUSDT,,True,False
TURBO,TURBOUSDT,,True,False
TURTLE,TURTLEUSDT,,True,False
TUT,TUTUSDT,,True,False
TWT,TWTUSDT,,True,False
UAI,UAIUSDT,,True,False
UB,UBUSDT,,True,False
UMA,UMAUSDT,,True,False
UNI,UNIUSDT,,True,False
US,USUSDT,,True,False
USDC,USDCUSDT,,True,False
USELESS,USELESSUSDT,,True,False
USTC,USTCUSDT,,True,False
USUAL,USUALUSDT,,True,False
VANA,VANAUSDT,,True,False
VANRY,VANRYUSDT,,True,False
VELODROME,VELODROMEUSDT,,True,False
VELVET,VELVETUSDT,,True,False
VET,VETUSDT,,True,False
VIC,VICUSDT,,True,False
VIRTUAL,VIRTUALUSDT,,True,False
VTHO,VTHOUSDT,,True,False
VVV,VVVUSDT,,True,False
W,WUSDT,,True,False
WAL,WALUSDT,,True,False
WAXP,WAXPUSDT,,True,False
WCT,WCTUSDT,,True,False
WET,WETUSDT,,True,False
WIF,WIFUSDT,,True,False
WLD,WLDUSDT,,True,False
WLFI,WLFIUSDT,,True,False
WOO,WOOUSDT,,True,False
XAI,XAIUSDT,,True,False
XAN,XANUSDT,,True,False
XAUT,XAUTUSDT,,True,False
XLM,XLMUSDT,,True,False
XMR,XMRUSDT,,True,False
XNY,XNYUSDT,,True,False
XPIN,XPINUSDT,,True,False
XPL,XPLUSDT,,True,False
XRP,XRPUSDT,XRPUSD,True,True
XTZ,XTZUSDT,,True,False
XVG,XVGUSDT,,True,False
XVS,XVSUSDT,,True,False
YB,YBUSDT,,True,False
YFI,YFIUSDT,,True,False
YGG,YGGUSDT,,True,False
ZAMA,ZAMAUSDT,,True,False
ZBT,ZBTUSDT,,True,False
ZEC,ZECUSDT,,True,False
ZEN,ZENUSDT,,True,False
ZEREBRO,ZEREBROUSDT,,True,False
ZETA,ZETAUSDT,,True,False
ZIL,ZILUSDT,,True,False
ZK,ZKUSDT,,True,False
ZKC,ZKCUSDT,,True,False
ZKP,ZKPUSDT,,True,False
ZORA,ZORAUSDT,,True,False
ZRO,ZROUSDT,,True,False
ZRX,ZRXUSDT,,True,False
币安人生,币安人生USDT,,True,False
我踏马来了,我踏马来了USDT,,True,False
龙虾,龙虾USDT,,True,False
